{
  "users": [
    {
      "url": "https://res.cloudinary.com/duzf4vfki/image/upload/v1637622239/iconos/4_mjaxmb.png",
      "name": "Isabella",
      "email": "isa@gmail.com",
      "description": "Lorem Ipsum",
      "id": 1
    },
    {
      "url": "https://res.cloudinary.com/duzf4vfki/image/upload/v1637622238/iconos/2_aywkbg.png",
      "name": "Carlos",
      "email": "carlos@gmail.com",
      "description": "Lorem Ipsum",
      "id": 2
    },
    {
      "url": "https://res.cloudinary.com/duzf4vfki/image/upload/v1637622238/iconos/1_apyl7v.png",
      "name": "Carla",
      "email": "carla@gmail.com",
      "description": "prueba",
      "id": 3
    },
    {
      "url": "https://res.cloudinary.com/duzf4vfki/image/upload/v1637622238/iconos/7_fxguvg.png",
      "name": "David Betancur",
      "email": "david@gmail.com",
      "description": "prueba correo",
      "id": 4
    }
  ]
}