{
  "tareas": [
    {
      "id": 1,
      "url": "https://res.cloudinary.com/duzf4vfki/image/upload/v1627576717/img_heroes/marvel-wolverine_pbo110.jpg",
      "nombre": "Tarea 1",
      "descripcion": "Ejemplo tarea 1"
    },
    {
      "id": 2,
      "url": "https://res.cloudinary.com/duzf4vfki/image/upload/v1627576717/img_heroes/marvel-wolverine_pbo110.jpg",
      "nombre": "Tarea 2",
      "descripcion": "Ejemplo tarea 2"
    },
    {
      "id": 3,
      "url": "https://res.cloudinary.com/duzf4vfki/image/upload/v1627576717/img_heroes/marvel-wolverine_pbo110.jpg",
      "nombre": "Tarea 3",
      "descripcion": "Ejemplo tarea 3"
    },
    {
      "url": "https://res.cloudinary.com/duzf4vfki/image/upload/v1636908679/e4u104evibx7qjo4gpiq.png",
      "nombre": "Ejemplo",
      "descripcion": "Ejemplo",
      "id": 4
    },
    {
      "url": "https://res.cloudinary.com/duzf4vfki/image/upload/v1636908679/e4u104evibx7qjo4gpiq.png",
      "nombre": "oihoih",
      "descripcion": "oihoih",
      "id": 6
    }
  ]
}